member_id,first_name,last_name,date_of_birth,age_category,subscription_type,registration_id
M001,Katherine,Fisher,1987-08-25,Adult,Budget,1
M002,Tammy,Tucker,1970-06-15,Adult,Budget,1
M003,Tammy,Howard,1976-06-30,Adult,Comfort,2
M004,William,Campbell,1964-12-11,Adult,Comfort,1
M005,Christine,King,1948-02-15,Senior,Budget,1
M006,Tonya,Patrick,2007-09-12,Adolescent,Budget,2
M007,Kyle,Blair,1955-03-21,Senior,Comfort,1
M008,Thomas,Garcia,1980-02-27,Adult,Budget,1
M009,Leslie,Bowman,1994-04-22,Adult,Comfort,1
M010,Tammy,Woods,1963-01-17,Adult,Budget,1
M011,Jorge,Trujillo,2006-03-04,Adolescent,Budget,2
M012,Sabrina,Davis,2009-11-22,Teen,Budget,1
M013,Jennifer,Glover,1989-06-30,Adult,Deluxe,1
M014,Aaron,Snyder,2020-04-25,Kid,Comfort,1
M015,John,Nguyen,1980-07-22,Adult,Comfort,1
M016,James,Bradley,1943-10-15,Senior,Deluxe,1
M017,Linda,Thomas,1967-09-10,Adult,Comfort,2
M018,Seth,Miller,2009-02-12,Teen,Deluxe,1
M019,Nancy,Bolton,1978-10-11,Adult,Budget,1
M020,Daniel,Arnold,2001-10-22,Adolescent,Comfort,2
M021,Amy,Olsen,1952-03-15,Senior,Budget,1
M022,James,Lloyd,2008-09-30,Teen,Deluxe,2
M023,Briana,Wallace,2009-09-10,Teen,Budget,1
M024,Lauren,Stewart,2016-05-15,Kid,Deluxe,2
M025,Kelly,Lopez,1968-03-02,Adult,Budget,1
M026,Antonio,Zavala,1960-08-18,Adult,Deluxe,2
M027,Thomas,Davis,1970-08-11,Adult,Deluxe,2
M028,Nancy,Mclean,1952-12-09,Senior,Comfort,1
M029,Rachael,Leblanc,1946-02-20,Senior,Deluxe,1
M030,Frances,Massey,2008-10-16,Teen,Comfort,1
M031,Joshua,Cain,2006-08-11,Adolescent,Comfort,2
M032,Patty,Lawrence,1964-07-03,Adult,Deluxe,1
M033,Bethany,Hayes,1992-04-19,Adult,Budget,1
M034,Christopher,Salazar,1983-11-08,Adult,Deluxe,2
M035,Brenda,Rogers,2001-06-03,Adolescent,Comfort,1
M036,John,Dennis,1961-02-15,Adult,Comfort,1
M037,Janice,Watson,1951-02-27,Senior,Deluxe,2
M038,Marvin,Cabrera,1958-06-02,Senior,Deluxe,1
M039,Krista,Wyatt,1948-11-28,Senior,Comfort,1
M040,Brandon,Berry,1964-12-28,Adult,Budget,2
M041,Carrie,Jones,2007-12-03,Adolescent,Deluxe,2
M042,Cynthia,Obrien,1952-02-26,Senior,Comfort,1
M043,David,Davis,2013-08-08,Teen,Budget,1
M044,Benjamin,Smith,1951-01-04,Senior,Comfort,1
M045,Jennifer,Mendoza,1960-05-23,Adult,Deluxe,1
M046,Sharon,Johnson,1943-07-13,Senior,Comfort,1
M047,Christine,Huff,1993-02-21,Adult,Budget,1
M048,Jeffrey,Lucas,1944-09-28,Senior,Budget,2
M049,Ryan,Brown,1982-11-22,Adult,Deluxe,2
M050,Benjamin,Garcia,1998-10-17,Adult,Deluxe,1
M051,James,Howard,1988-06-20,Adult,Deluxe,1
M052,Mary,Sellers,1999-03-19,Adult,Deluxe,1
M053,Heidi,Harris,1958-04-11,Senior,Comfort,1
M054,Kristina,Moore,1943-02-12,Senior,Deluxe,2
M055,Matthew,King,1957-04-04,Senior,Budget,1
M056,Sandra,Wade,2016-06-09,Kid,Deluxe,1
M057,Thomas,Ortiz,1937-01-05,Senior,Budget,1
M058,Nancy,Lowery,2012-09-02,Teen,Deluxe,1
M059,Paul,Sandoval,1983-10-29,Adult,Budget,1
M060,Ann,Smith,1956-02-05,Senior,Comfort,1
M061,Matthew,Williams,1945-12-23,Senior,Budget,2
M062,Dennis,Gill,1973-06-11,Adult,Comfort,1
M063,Michael,Roberts,2000-10-16,Adult,Comfort,1
M064,Brittany,Mcclain,1984-02-07,Adult,Budget,1
M065,David,Collins,2019-09-29,Kid,Deluxe,2
M066,Maria,Miller,1991-08-14,Adult,Comfort,1
M067,James,Cook,2016-02-20,Kid,Budget,2
M068,Jeffrey,West,1967-10-20,Adult,Deluxe,1
M069,Nancy,Johnson,2012-07-16,Teen,Deluxe,1
M070,Robert,Bates,2012-06-13,Teen,Budget,2
M071,Gabriel,Brown,1941-08-01,Senior,Comfort,1
M072,Sean,Dyer,1956-09-04,Senior,Deluxe,1
M073,Cassandra,Smith,2011-08-16,Teen,Budget,1
M074,Troy,Collins,1940-07-06,Senior,Comfort,1
M075,Brendan,Carson,1998-10-05,Adult,Budget,2
M076,Jacob,Key,1991-09-19,Adult,Budget,1
M077,Mary,Anderson,1946-07-30,Senior,Budget,1
M078,Richard,Gregory,1937-03-22,Senior,Comfort,1
M079,Aaron,Smith,1978-04-01,Adult,Budget,1
M080,Tina,Lowe,1935-07-16,Senior,Deluxe,1
M081,Connor,Wilson,2018-07-08,Kid,Comfort,1
M082,Morgan,Ramirez,1962-03-27,Adult,Comfort,1
M083,Craig,Nash,1960-01-07,Adult,Budget,1
M084,Courtney,Johnson,1989-03-16,Adult,Comfort,1
M085,Lauren,Wilson,1996-11-12,Adult,Budget,1
M086,Dennis,Meyer,1970-02-15,Adult,Comfort,2
M087,Darin,Moore,1982-06-14,Adult,Deluxe,2
M088,Bobby,Harris,1937-09-29,Senior,Deluxe,1
M089,Angela,Potts,1970-07-23,Adult,Budget,1
M090,Renee,Williams,2012-06-12,Teen,Comfort,1
M091,Diana,Joseph,2017-11-28,Kid,Deluxe,2
M092,Danielle,Watson,1997-08-22,Adult,Comfort,1
M093,Gregory,Bennett,2008-06-05,Teen,Deluxe,1
M094,Alan,Hernandez,1974-10-29,Adult,Budget,2
M095,Matthew,Richardson,1980-08-04,Adult,Deluxe,2
M096,Matthew,Oliver,1947-12-21,Senior,Deluxe,1
M097,Joseph,Hernandez,1940-10-28,Senior,Deluxe,1
M098,Keith,Foster,2014-08-16,Kid,Comfort,1
M099,David,Wilson,2009-11-12,Teen,Comfort,1
M100,Sarah,Parker,1967-11-03,Adult,Comfort,1
M101,Jessica,Turner,2006-05-27,Adolescent,Comfort,1
M102,Kevin,Rodriguez,1979-12-05,Adult,Budget,2
M103,Regina,Wells,2011-07-19,Teen,Comfort,1
M104,David,Wilson,1981-12-27,Adult,Budget,1
M105,Ronald,Turner,2002-12-16,Adolescent,Comfort,1
M106,Samantha,Sims,1956-05-27,Senior,Comfort,1
M107,Linda,Frey,1986-05-01,Adult,Budget,1
M108,Cameron,Miller,1947-01-17,Senior,Budget,1
M109,Bruce,Smith,1965-04-20,Adult,Budget,2
M110,Angela,Roberts,1988-10-24,Adult,Deluxe,1
M111,Kristina,Klein,2001-09-19,Adolescent,Deluxe,1
M112,Rodney,Richardson,1964-10-13,Adult,Budget,1
M113,Brenda,Jackson,1970-09-23,Adult,Comfort,1
M114,Michael,Brown,1961-05-04,Adult,Deluxe,1
M115,Rebecca,Hayes,1938-12-22,Senior,Comfort,1
M116,David,Sanders,1962-08-31,Adult,Comfort,1
M117,Danielle,Shea,1963-06-03,Adult,Deluxe,1
M118,Cindy,Garcia,1964-08-07,Adult,Deluxe,1
M119,Nicholas,Payne,1997-08-09,Adult,Comfort,1
M120,Daniel,Carlson,1955-10-24,Senior,Comfort,2
M121,Eddie,Sullivan,2001-08-14,Adolescent,Budget,1
M122,Natalie,Simpson,1992-10-26,Adult,Comfort,2
M123,Martha,Bolton,1979-02-07,Adult,Deluxe,2
M124,Amy,Velazquez,1962-09-16,Adult,Comfort,1
M125,Matthew,Estes,1936-07-15,Senior,Comfort,1
M126,Lisa,Johnson,1978-07-13,Adult,Comfort,2
M127,Nancy,Morrison,1955-05-30,Senior,Comfort,2
M128,Megan,Aguilar,1956-06-08,Senior,Deluxe,1
M129,Carl,Miller,1999-03-30,Adult,Deluxe,1
M130,Carl,Anderson,1940-07-31,Senior,Deluxe,1
M131,Alexis,Anthony,1976-02-09,Adult,Budget,1
M132,Michelle,Owen,1980-03-17,Adult,Deluxe,1
M133,Tanya,Wagner,1997-12-03,Adult,Comfort,1
M134,Wayne,Berry,2007-04-28,Adolescent,Comfort,1
M135,Katherine,Mooney,2005-09-18,Adolescent,Comfort,1
M136,Rebecca,Harris,1993-03-30,Adult,Budget,2
M137,Rachel,Butler,2008-02-01,Adolescent,Deluxe,2
M138,Megan,Compton,2000-11-04,Adult,Deluxe,2
M139,Brenda,York,2017-11-20,Kid,Budget,1
M140,Diane,Smith,1938-01-02,Senior,Budget,1
M141,Kevin,Hudson,1959-12-25,Adult,Comfort,1
M142,Cameron,Heath,1980-06-29,Adult,Budget,2
M143,Kendra,Cruz,1976-06-05,Adult,Comfort,1
M144,Bryan,Davidson,1987-06-08,Adult,Deluxe,2
M145,John,Blair,1952-07-18,Senior,Comfort,1
M146,Brian,Johnson,1980-09-04,Adult,Deluxe,1
M147,Donald,Wu,1992-02-02,Adult,Budget,2
M148,Jennifer,Nunez,2017-02-21,Kid,Comfort,2
M149,Lisa,Gomez,1955-10-26,Senior,Deluxe,1
M150,Cheryl,Hughes,1940-01-02,Senior,Budget,1
M151,Craig,Osborne,1941-08-14,Senior,Comfort,1
M152,Antonio,Williamson,1937-12-20,Senior,Budget,2
M153,Mario,Graves,2020-12-14,Kid,Budget,1
M154,James,Logan,1982-05-25,Adult,Budget,1
M155,Daniel,Brown,2001-12-12,Adolescent,Budget,2
M156,Christina,Peck,1998-10-20,Adult,Budget,1
M157,Tara,Reeves,1952-02-20,Senior,Deluxe,1
M158,Kristina,Martinez,1975-07-22,Adult,Budget,1
M159,Lauren,Stark,1987-12-22,Adult,Deluxe,1
M160,April,Floyd,1951-10-05,Senior,Deluxe,2
M161,Benjamin,Myers,1960-12-15,Adult,Comfort,2
M162,Katherine,Gibson,1985-10-15,Adult,Comfort,2
M163,Sue,Winters,1945-06-21,Senior,Deluxe,2
M164,Todd,Santana,1940-08-28,Senior,Comfort,1
M165,Elizabeth,Armstrong,2005-12-30,Adolescent,Deluxe,1
M166,Jerry,Frank,1964-08-11,Adult,Budget,1
M167,Kimberly,Hale,2020-08-10,Kid,Comfort,1
M168,William,Dougherty,1992-05-23,Adult,Budget,2
M169,Ronald,Knight,1955-01-17,Senior,Comfort,1
M170,Shari,Perry,1946-08-27,Senior,Comfort,1
M171,Robert,Moore,1948-09-19,Senior,Comfort,1
M172,Lacey,Jordan,1939-05-25,Senior,Budget,2
M173,Anthony,Calhoun,1991-12-22,Adult,Deluxe,2
M174,Jennifer,Miller,1979-05-19,Adult,Budget,1
M175,David,Holt,1944-10-15,Senior,Deluxe,2
M176,Michael,Smith,1982-03-26,Adult,Deluxe,2
M177,Lori,Jones,1966-08-02,Adult,Comfort,1
M178,Jared,Harris,1954-09-20,Senior,Comfort,1
M179,Julie,Carter,1951-12-25,Senior,Budget,1
M180,Sarah,Hall,1938-07-28,Senior,Budget,1
M181,Jacob,Rodriguez,1954-07-12,Senior,Comfort,1
M182,Jasmine,Scott,1982-02-04,Adult,Comfort,1
M183,Tammy,Cox,1939-01-07,Senior,Deluxe,1
M184,Susan,Phillips,1999-08-23,Adult,Budget,1
M185,Cynthia,White,2010-07-04,Teen,Comfort,1
M186,Curtis,Carpenter,1946-03-20,Senior,Budget,1
M187,Nicholas,Thomas,1956-07-02,Senior,Deluxe,2
M188,Linda,Stewart,1952-04-05,Senior,Comfort,1
M189,Joel,White,1968-04-07,Adult,Budget,1
M190,Robert,Williams,1985-11-28,Adult,Deluxe,2
M191,Carolyn,Long,1953-03-19,Senior,Budget,1
M192,David,Evans,1945-03-07,Senior,Budget,2
M193,Joyce,Thomas,1991-12-08,Adult,Comfort,1
M194,Kenneth,Gomez,1992-09-04,Adult,Deluxe,2
M195,Sean,Wood,1968-12-23,Adult,Deluxe,1
M196,Brian,Ortiz,2007-03-30,Adolescent,Deluxe,1
M197,Suzanne,Valenzuela,1992-01-01,Adult,Comfort,1
M198,James,Carter,1995-04-12,Adult,Budget,1
M199,Christopher,Lopez,1999-04-21,Adult,Comfort,1
M200,Joshua,Grant,1949-12-31,Senior,Deluxe,1
M201,Laura,Griffin,1956-02-28,Senior,Budget,2
M202,Jacob,Fisher,1989-06-28,Adult,Comfort,1
M203,John,Chavez,1958-12-31,Senior,Deluxe,1
M204,Douglas,Ford,2006-06-11,Adolescent,Deluxe,1
M205,Timothy,Harris,1946-12-27,Senior,Budget,1
M206,Maria,Cole,1935-06-20,Senior,Deluxe,1
M207,Alan,Evans,1998-02-04,Adult,Comfort,2
M208,Kevin,Lynch,2020-10-23,Kid,Deluxe,2
M209,Jasmine,Ruiz,1992-12-13,Adult,Deluxe,2
M210,Kathleen,Hall,2002-12-13,Adolescent,Deluxe,2
M211,Joshua,Riggs,1990-05-18,Adult,Budget,1
M212,Joseph,Barnett,1951-08-30,Senior,Comfort,1
M213,Jonathan,Fox,1935-04-02,Senior,Budget,1
M214,Jennifer,Wallace,2014-05-17,Kid,Deluxe,1
M215,Michael,Savage,1969-08-06,Adult,Budget,1
M216,Caitlin,Johnson,1961-11-23,Adult,Comfort,2
M217,Kevin,Morgan,1970-12-10,Adult,Deluxe,1
M218,Michele,Macdonald,2007-05-17,Adolescent,Comfort,2
M219,Carlos,Callahan,1957-06-23,Senior,Comfort,1
M220,April,Berry,1973-09-12,Adult,Comfort,1
M221,Jason,Garcia,2020-07-27,Kid,Comfort,1
M222,Richard,Osborne,2009-03-13,Teen,Deluxe,2
M223,Kelly,Watson,1973-02-19,Adult,Deluxe,1
M224,Devin,Martinez,2020-10-18,Kid,Deluxe,1
M225,Patrick,Garza,1951-08-14,Senior,Budget,1
M226,Anita,Evans,1954-03-17,Senior,Budget,1
M227,Julia,Robinson,1999-07-19,Adult,Comfort,1
M228,Heather,Flores,2001-10-01,Adolescent,Comfort,1
M229,Scott,Thomas,1943-05-31,Senior,Budget,1
M230,Brian,Howell,2002-08-28,Adolescent,Budget,1
M231,Michael,Myers,1938-09-10,Senior,Comfort,1
M232,Meghan,Werner,1936-08-04,Senior,Deluxe,2
M233,Gina,Harmon,1946-04-17,Senior,Deluxe,1
M234,Adam,Williams,1988-12-28,Adult,Budget,1
M235,Adam,Nelson,2019-09-19,Kid,Comfort,1
M236,Jessica,Perez,1975-01-11,Adult,Budget,1
M237,Keith,Garcia,2013-03-07,Teen,Comfort,1
M238,Jennifer,Cruz,1997-12-11,Adult,Deluxe,2
M239,Robert,Prince,1980-03-22,Adult,Comfort,2
M240,Earl,Fitzpatrick,1994-06-16,Adult,Budget,1
M241,Alexandria,Anderson,1955-04-17,Senior,Budget,2
M242,Sean,Clarke,1960-08-23,Adult,Deluxe,2
M243,Ronald,Vasquez,1988-02-22,Adult,Budget,1
M244,Laura,Gonzales,1965-03-07,Adult,Budget,1
M245,Brenda,Williams,1963-01-07,Adult,Deluxe,1
M246,Arthur,Schultz,1988-01-26,Adult,Deluxe,1
M247,Michael,Paul,1960-08-19,Adult,Deluxe,1
M248,Jesse,Evans,1958-10-24,Senior,Comfort,1
M249,Janet,Hunt,1947-01-03,Senior,Budget,2
M250,Kelsey,Andrade,1973-12-04,Adult,Deluxe,1
M251,Stephen,Welch,1991-03-19,Adult,Budget,1
M252,Elizabeth,Wong,2005-06-17,Adolescent,Comfort,1
M253,Sarah,Villa,2009-09-08,Teen,Deluxe,1
M254,Shawn,Scott,2014-04-14,Kid,Budget,1
M255,Jason,Adams,1999-12-14,Adult,Comfort,1
M256,Brian,Bailey,1941-03-06,Senior,Comfort,1
M257,Diamond,Taylor,1974-08-29,Adult,Budget,1
M258,Erin,Arellano,1993-06-07,Adult,Budget,1
M259,Angela,Walker,1989-03-07,Adult,Budget,2
M260,Matthew,Garcia,1961-06-18,Adult,Deluxe,1
M261,Laura,Morris,1946-11-14,Senior,Deluxe,2
M262,Patricia,Scott,1997-03-30,Adult,Budget,2
M263,Bradley,Wood,2006-04-05,Adolescent,Deluxe,2
M264,Molly,Reed,1963-09-28,Adult,Deluxe,1
M265,John,Daniel,1962-08-28,Adult,Budget,1
M266,Larry,Heath,1976-03-23,Adult,Budget,2
M267,Timothy,Wiggins,1969-11-15,Adult,Comfort,2
M268,Bradley,Villa,1967-11-16,Adult,Comfort,1
M269,Albert,Simpson,1945-01-22,Senior,Comfort,1
M270,Brandon,Lamb,1994-11-08,Adult,Deluxe,2
M271,Steven,Wilson,2002-05-24,Adolescent,Budget,1
M272,John,Mckenzie,1946-04-22,Senior,Deluxe,1
M273,Robert,Calhoun,1956-02-24,Senior,Budget,1
M274,Cheyenne,Meyers,1995-03-10,Adult,Comfort,1
M275,Kari,Calderon,2011-04-19,Teen,Deluxe,1
M276,Susan,Wright,1940-07-28,Senior,Budget,1
M277,David,Pitts,1965-03-01,Adult,Deluxe,1
M278,Luis,Graham,1983-02-20,Adult,Deluxe,2
M279,Rachel,Bishop,2011-01-12,Teen,Budget,2
M280,Jennifer,Waters,1962-08-06,Adult,Budget,1
M281,Cassandra,Herrera,2005-03-05,Adolescent,Budget,1
M282,Joseph,Smith,1970-09-26,Adult,Comfort,1
M283,Kristen,Garcia,2018-11-25,Kid,Comfort,2
M284,John,Mitchell,1991-08-26,Adult,Comfort,2
M285,Judy,Robertson,1936-02-04,Senior,Budget,1
M286,David,Brewer,1941-12-28,Senior,Comfort,1
M287,Teresa,Cunningham,1951-04-23,Senior,Budget,2
M288,Emily,Warner,1966-06-17,Adult,Deluxe,2
M289,Jeffrey,Decker,1973-08-14,Adult,Budget,1
M290,Calvin,Parker,1967-11-25,Adult,Budget,2
M291,Jesus,Fuller,1979-10-06,Adult,Budget,1
M292,Brandi,Taylor,1974-04-03,Adult,Deluxe,1
M293,Angela,Murphy,1937-04-29,Senior,Comfort,2
M294,Cynthia,Burnett,2014-11-22,Kid,Deluxe,2
M295,Eric,Thompson,1989-01-20,Adult,Budget,1
M296,Derek,Clark,1945-08-15,Senior,Comfort,1
M297,Ashley,Dominguez,2002-10-27,Adolescent,Comfort,1
M298,Joe,Anderson,1964-04-08,Adult,Deluxe,1
M299,Kathleen,Gomez,1967-01-08,Adult,Deluxe,1
M300,David,Jimenez,2015-08-28,Kid,Budget,1
M301,Christina,Johnson,1949-12-01,Senior,Comfort,1
M302,Michael,Bryant,2016-05-07,Kid,Deluxe,1
M303,Susan,Peters,1936-12-08,Senior,Deluxe,1
M304,Donna,Simpson,1957-05-28,Senior,Comfort,1
M305,Amy,Padilla,2000-09-01,Adult,Comfort,1
M306,Jonathon,Munoz,1945-12-08,Senior,Deluxe,1
M307,Lorraine,Floyd,1961-03-21,Adult,Comfort,1
M308,Sherry,Clark,1987-06-29,Adult,Deluxe,2
M309,Jessica,Nixon,1978-02-09,Adult,Deluxe,1
M310,Michelle,Barnett,1981-12-02,Adult,Comfort,1
M311,Jordan,Powers,1965-12-18,Adult,Deluxe,1
M312,Andre,Berry,1976-09-17,Adult,Deluxe,1
M313,Jessica,Hernandez,1943-02-19,Senior,Comfort,1
M314,Travis,Brown,1938-03-17,Senior,Comfort,1
M315,Brady,Perez,1968-01-30,Adult,Deluxe,1
M316,Carl,Brown,1979-09-04,Adult,Deluxe,1
M317,Derek,Weeks,1992-09-27,Adult,Comfort,1
M318,Ryan,Howard,1996-04-27,Adult,Comfort,1
M319,Debra,Chandler,1959-04-19,Adult,Deluxe,1
M320,Patrick,Ortiz,1990-10-31,Adult,Deluxe,1
M321,Amanda,Ballard,1971-02-10,Adult,Deluxe,1
M322,Katherine,Cunningham,1998-03-08,Adult,Deluxe,1
M323,Robert,Myers,1951-11-26,Senior,Deluxe,1
M324,Vincent,Howell,1935-08-22,Senior,Budget,1
M325,Mary,Lyons,2005-02-28,Adolescent,Deluxe,1
M326,Mark,Larsen,1946-01-21,Senior,Comfort,2
M327,John,Johnson,1959-03-17,Senior,Budget,2
M328,Julia,Massey,1958-03-13,Senior,Deluxe,1
M329,Gary,Miller,2011-08-16,Teen,Comfort,2
M330,Dale,Fuller,2016-08-02,Kid,Comfort,2
M331,Christina,Williams,1955-08-23,Senior,Deluxe,1
M332,Linda,Oconnor,1981-07-10,Adult,Comfort,2
M333,Connie,Preston,1938-12-05,Senior,Comfort,1
M334,Christopher,Carter,2002-10-08,Adolescent,Deluxe,1
M335,Stephen,Romero,1955-09-28,Senior,Deluxe,1
M336,Jill,Sullivan,1957-04-21,Senior,Deluxe,1
M337,Linda,Blackburn,1971-12-10,Adult,Comfort,1
M338,Lance,Lester,1937-03-24,Senior,Comfort,1
M339,Taylor,Johnson,2010-02-17,Teen,Deluxe,1
M340,Ashley,Baker,2007-08-05,Adolescent,Budget,1
M341,Stephen,Griffith,1940-06-05,Senior,Comfort,1
M342,Michael,Williams,1990-03-03,Adult,Comfort,1
M343,Jody,Johnson,1972-05-18,Adult,Budget,1
M344,Jacqueline,Hickman,2014-06-05,Kid,Budget,2
M345,Kathryn,Black,1963-05-27,Adult,Comfort,1
M346,Tiffany,Bonilla,1987-10-05,Adult,Deluxe,2
M347,Darren,Holden,1963-08-28,Adult,Deluxe,1
M348,Brenda,Cortez,1968-03-29,Adult,Comfort,1
M349,Francisco,Parrish,1983-04-23,Adult,Deluxe,1
M350,Mark,Burgess,1956-01-18,Senior,Comfort,1
M351,Brenda,Williams,1936-06-14,Senior,Deluxe,2
M352,Stephanie,Cox,1956-06-21,Senior,Deluxe,1
M353,Kelly,Simpson,2020-05-17,Kid,Deluxe,1
M354,Caroline,Archer,1990-02-25,Adult,Comfort,1
M355,Kristina,Carroll,1935-05-10,Senior,Budget,1
M356,David,Noble,1995-05-11,Adult,Comfort,2
M357,Renee,Beck,2000-08-07,Adult,Comfort,1
M358,Julie,Lopez,1970-04-11,Adult,Comfort,2
M359,Sharon,Ramirez,2009-12-01,Teen,Deluxe,1
M360,Alyssa,Brown,1958-11-16,Senior,Deluxe,1
M361,Bethany,David,1956-08-21,Senior,Deluxe,1
M362,Cassidy,Fischer,2009-03-05,Teen,Comfort,2
M363,Larry,Smith,1971-05-21,Adult,Budget,2
M364,Sophia,Medina,1973-05-20,Adult,Budget,1
M365,Louis,Peterson,2010-09-10,Teen,Deluxe,1
M366,Latasha,Kirk,1993-12-20,Adult,Deluxe,1
M367,Eric,Guerrero,2004-10-22,Adolescent,Deluxe,1
M368,Patrick,Marshall,2011-11-18,Teen,Comfort,1
M369,Anna,Jenkins,1940-03-01,Senior,Budget,1
M370,Lauren,Wolf,2018-10-19,Kid,Budget,2
M371,Michael,Jarvis,1937-05-09,Senior,Comfort,1
M372,Erin,Mccoy,1956-10-15,Senior,Comfort,1
M373,Isabel,Smith,2020-08-29,Kid,Deluxe,1
M374,Ashley,Allen,1969-02-17,Adult,Deluxe,1
M375,Sierra,House,1960-05-31,Adult,Budget,1
M376,Ashley,Young,1945-10-27,Senior,Comfort,1
M377,Michelle,Jacobson,1996-05-31,Adult,Budget,2
M378,Susan,Martin,1948-11-18,Senior,Budget,1
M379,Sarah,Walters,1944-02-04,Senior,Deluxe,1
M380,Johnny,Macias,1972-03-19,Adult,Budget,1
M381,Chelsea,Davis,1983-09-09,Adult,Comfort,1
M382,Travis,Farmer,1939-04-26,Senior,Deluxe,2
M383,Kathryn,Hughes,1962-10-25,Adult,Deluxe,1
M384,Emily,Terry,2020-05-13,Kid,Deluxe,2
M385,Brandi,Gomez,1940-06-11,Senior,Budget,1
M386,David,Page,2012-08-17,Teen,Budget,1
M387,Lynn,Sanders,1979-11-15,Adult,Comfort,1
M388,Derek,Miller,2006-03-21,Adolescent,Comfort,1
M389,Michael,Jones,1982-07-03,Adult,Budget,2
M390,Emily,Ruiz,1950-04-19,Senior,Budget,2
M391,Sarah,Kirk,1978-01-09,Adult,Comfort,1
M392,Leroy,Whitehead,1938-09-03,Senior,Comfort,1
M393,Richard,Thomas,1972-08-27,Adult,Deluxe,1
M394,Richard,Torres,1955-04-16,Senior,Comfort,1
M395,Frank,Orozco,1943-05-13,Senior,Budget,2
M396,Janet,Moran,2000-08-31,Adult,Budget,1
M397,Jessica,Stone,1941-07-29,Senior,Budget,2
M398,Hayley,Terry,2010-09-29,Teen,Comfort,2
M399,Stephanie,Cooper,1987-12-04,Adult,Deluxe,1
M400,Lisa,Miller,2014-12-15,Kid,Budget,1
M401,Lisa,Harris,1958-12-15,Senior,Deluxe,1
M402,Mark,Erickson,1970-09-25,Adult,Budget,1
M403,Zachary,Bryant,1970-07-02,Adult,Budget,2
M404,Katherine,Cole,1956-05-03,Senior,Deluxe,1
M405,Benjamin,Richards,1956-01-06,Senior,Comfort,1
M406,Arthur,Todd,2004-12-05,Adolescent,Budget,1
M407,James,Gibbs,1944-12-19,Senior,Comfort,2
M408,John,Ellis,2018-05-11,Kid,Budget,1
M409,Jenna,Durham,1956-11-28,Senior,Deluxe,2
M410,Thomas,Peters,1953-07-28,Senior,Budget,2
M411,Christopher,Holmes,2009-03-06,Teen,Budget,1
M412,Lisa,Miller,1935-07-21,Senior,Budget,1
M413,Cathy,Hudson,1993-06-06,Adult,Deluxe,1
M414,Martha,Hunt,1980-12-02,Adult,Comfort,1
M415,Derek,Schaefer,1951-05-23,Senior,Budget,1
M416,Jessica,Smith,1960-01-26,Adult,Comfort,1
M417,James,Gutierrez,2017-11-22,Kid,Comfort,2
M418,Holly,Robles,1943-08-29,Senior,Deluxe,1
M419,Caroline,Bauer,1942-04-29,Senior,Budget,1
M420,Michael,Conley,1958-02-07,Senior,Deluxe,1
M421,Ricky,Alexander,1945-10-02,Senior,Comfort,1
M422,Rachel,Avila,2017-06-10,Kid,Deluxe,1
M423,Anna,Lara,1977-05-16,Adult,Budget,2
M424,Henry,Chavez,1991-04-27,Adult,Deluxe,1
M425,James,Hughes,1971-03-02,Adult,Budget,1
M426,Cole,Johnson,1983-11-20,Adult,Deluxe,1
M427,Gregory,Gilbert,1938-02-13,Senior,Deluxe,1
M428,Marcus,Gibbs,1937-01-27,Senior,Comfort,1
M429,Thomas,Hodge,2002-09-22,Adolescent,Deluxe,2
M430,Michelle,Gibbs,2008-02-11,Adolescent,Budget,1
M431,Anthony,Black,1970-11-28,Adult,Budget,1
M432,Matthew,Friedman,1946-02-12,Senior,Budget,2
M433,Tammy,Moore,1999-05-16,Adult,Budget,1
M434,Connie,Mitchell,2005-07-11,Adolescent,Budget,2
M435,Aaron,Morgan,1940-03-23,Senior,Deluxe,1
M436,Heather,Martin,2009-11-02,Teen,Comfort,1
M437,Danielle,Sanchez,1956-11-07,Senior,Comfort,1
M438,Mark,Johnson,2020-03-28,Kid,Deluxe,1
M439,Erika,Williams,2020-05-23,Kid,Deluxe,1
M440,Cynthia,Murphy,1967-12-02,Adult,Comfort,2
M441,Michael,Martin,1967-08-20,Adult,Comfort,1
M442,Steven,Walter,1992-06-24,Adult,Deluxe,1
M443,Paul,Townsend,1953-12-30,Senior,Comfort,2
M444,Sarah,Smith,1957-04-14,Senior,Budget,1
M445,Jennifer,Jackson,1988-04-13,Adult,Comfort,1
M446,Andrew,Holloway,1955-06-24,Senior,Comfort,1
M447,Adam,Williams,2004-08-21,Adolescent,Budget,1
M448,Ashley,Hernandez,1950-06-12,Senior,Comfort,2
M449,Emily,James,1956-01-23,Senior,Deluxe,1
M450,Robert,Bradley,1938-10-25,Senior,Comfort,2
M451,Jennifer,Nielsen,1980-07-11,Adult,Deluxe,1
M452,William,Ferguson,1984-10-04,Adult,Comfort,2
M453,David,Knight,1945-02-27,Senior,Deluxe,2
M454,Tammy,Reynolds,1982-12-07,Adult,Deluxe,1
M455,John,James,1994-07-24,Adult,Budget,1
M456,John,Olson,1988-12-14,Adult,Comfort,1
M457,Cesar,King,2014-05-05,Kid,Deluxe,1
M458,Nicole,Watson,1972-10-05,Adult,Deluxe,1
M459,Cassandra,Chan,1938-03-05,Senior,Deluxe,1
M460,Joshua,Carr,1967-06-23,Adult,Comfort,1
M461,Tamara,Rodriguez,1988-05-26,Adult,Budget,1
M462,Douglas,Long,1941-11-05,Senior,Deluxe,1
M463,Jessica,Bray,1992-07-09,Adult,Comfort,1
M464,Sandra,Reeves,1994-02-21,Adult,Deluxe,1
M465,Steven,Jackson,2017-06-12,Kid,Comfort,2
M466,Robert,Lawrence,1999-10-11,Adult,Deluxe,1
M467,Kathleen,Rodriguez,1973-10-30,Adult,Comfort,1
M468,Michael,Fuller,1985-05-04,Adult,Comfort,1
M469,Crystal,Molina,1999-07-19,Adult,Deluxe,1
M470,Natalie,Scott,1961-11-06,Adult,Deluxe,1
M471,Mark,James,2014-08-27,Kid,Budget,1
M472,Kelly,Reynolds,1940-11-10,Senior,Deluxe,1
M473,Joseph,Luna,1991-02-03,Adult,Comfort,1
M474,Dennis,Rodriguez,1982-06-05,Adult,Comfort,2
M475,Gabriel,Jordan,1983-10-19,Adult,Comfort,1
M476,Steven,May,1989-06-09,Adult,Comfort,2
M477,Kimberly,Gardner,1945-10-22,Senior,Comfort,2
M478,Devon,Hernandez,2010-08-09,Teen,Budget,2
M479,Jeremy,Fox,1957-08-07,Senior,Budget,1
M480,Michael,Macias,2002-04-27,Adolescent,Deluxe,1
M481,Jennifer,Rogers,1974-06-02,Adult,Comfort,2
M482,Leah,Sloan,1951-05-05,Senior,Deluxe,1
M483,Kiara,Green,1990-11-11,Adult,Comfort,1
M484,Matthew,Mason,1956-10-06,Senior,Deluxe,1
M485,Amanda,Thomas,1980-05-16,Adult,Comfort,1
M486,Tracey,Manning,1986-05-29,Adult,Comfort,1
M487,Jimmy,Melendez,1976-10-04,Adult,Budget,1
M488,Michael,Fry,1986-09-27,Adult,Comfort,1
M489,Kevin,Ortiz,2004-11-02,Adolescent,Deluxe,1
M490,Lisa,Vega,1990-07-07,Adult,Budget,1
M491,Dylan,Silva,1956-03-06,Senior,Comfort,2
M492,Daniel,Maxwell,2005-08-06,Adolescent,Deluxe,1
M493,Caitlin,Morrison,1963-02-08,Adult,Budget,2
M494,Daniel,Barker,2005-02-04,Adolescent,Deluxe,1
M495,Gary,Miller,2018-10-28,Kid,Budget,1
M496,Alex,Stafford,1940-02-13,Senior,Budget,1
M497,Lucas,Lowe,2000-08-21,Adult,Deluxe,1
M498,Breanna,King,1985-06-13,Adult,Budget,2
M499,Lisa,Perez,2001-06-07,Adolescent,Budget,1
M500,Anna,Wilcox,1956-11-11,Senior,Budget,1
M501,Kimberly,Romero,1945-10-28,Senior,Comfort,1
M502,Anthony,Day,1958-01-30,Senior,Comfort,2
M503,Natalie,Holmes,1957-12-02,Senior,Comfort,1
M504,Donna,Kim,2017-12-31,Kid,Comfort,1
M505,Joseph,Matthews,1990-05-04,Adult,Budget,1
M506,George,Alexander,1988-01-20,Adult,Budget,1
M507,Sabrina,Noble,1942-07-09,Senior,Deluxe,1
M508,Dawn,Sullivan,1947-01-11,Senior,Budget,2
M509,William,Gibson,1966-12-10,Adult,Deluxe,1
M510,Christine,Adams,2000-07-15,Adult,Comfort,1
M511,Tracy,Newman,2004-04-14,Adolescent,Budget,1
M512,Joseph,Hall,1999-07-19,Adult,Comfort,1
M513,Erik,Phelps,1984-10-19,Adult,Comfort,1
M514,Stephen,Rivers,1954-10-07,Senior,Deluxe,2
M515,Phillip,Benton,2000-04-15,Adult,Deluxe,1
M516,Christopher,Olson,2010-11-27,Teen,Budget,1
M517,Kenneth,Ward,1950-04-22,Senior,Comfort,1
M518,Dillon,Shields,1948-01-12,Senior,Comfort,1
M519,Brenda,Gonzalez,1953-11-01,Senior,Deluxe,1
M520,Michelle,Grant,1939-09-19,Senior,Budget,2
M521,Tracy,Vaughn,2017-02-09,Kid,Deluxe,2
M522,Anita,Baxter,1999-08-03,Adult,Deluxe,1
M523,Monique,Jennings,1981-11-26,Adult,Deluxe,1
M524,Jeremy,Roberson,1968-02-10,Adult,Deluxe,1
M525,Joshua,Smith,1977-08-11,Adult,Comfort,1
M526,Stacey,Hicks,1983-07-07,Adult,Deluxe,1
M527,Christopher,Torres,1981-08-10,Adult,Deluxe,1
M528,Jeremy,Richardson,1992-09-09,Adult,Comfort,1
M529,Michelle,Thomas,1987-02-03,Adult,Deluxe,1
M530,Sharon,Newton,1974-05-26,Adult,Budget,1
M531,Donna,Harrington,2000-09-11,Adult,Budget,1
M532,Patrick,Anderson,1973-09-19,Adult,Budget,2
M533,Richard,Mason,1951-06-23,Senior,Deluxe,1
M534,Jeremy,Fletcher,1999-04-25,Adult,Budget,1
M535,Ryan,Howard,1984-01-16,Adult,Comfort,1
M536,Katrina,Klein,1989-10-10,Adult,Deluxe,2
M537,Michelle,Castillo,1973-09-30,Adult,Deluxe,1
M538,David,Moore,1974-11-14,Adult,Budget,2
M539,Julia,Spears,1968-05-12,Adult,Budget,1
M540,Victor,Rodriguez,1981-03-25,Adult,Comfort,1
M541,Theresa,Marshall,1987-06-20,Adult,Comfort,1
M542,Tina,Bray,1998-01-23,Adult,Comfort,2
M543,Maria,Walker,2012-03-26,Teen,Comfort,1
M544,Wayne,Tucker,1989-07-23,Adult,Budget,1
M545,April,Smith,1978-01-09,Adult,Budget,1
M546,Logan,Macdonald,1999-06-04,Adult,Budget,2
M547,Lori,Reynolds,1966-03-01,Adult,Comfort,1
M548,Barbara,Williams,1941-11-01,Senior,Budget,1
M549,Joseph,Swanson,1947-12-09,Senior,Comfort,2
M550,Daniel,Robles,1959-07-09,Adult,Comfort,1
M551,Anthony,Benton,1984-10-11,Adult,Deluxe,1
M552,Patrick,Smith,1936-04-26,Senior,Comfort,1
M553,Lorraine,Obrien,1951-01-26,Senior,Comfort,1
M554,Christopher,Owens,1962-05-08,Adult,Comfort,1
M555,Abigail,Howell,1935-06-03,Senior,Comfort,2
M556,Carl,Thompson,1991-09-22,Adult,Comfort,1
M557,Jeremy,Perry,1967-02-08,Adult,Budget,1
M558,Lindsay,Graham,1999-10-27,Adult,Budget,2
M559,Theresa,Williams,1987-02-07,Adult,Budget,1
M560,Anthony,Reed,1971-11-14,Adult,Budget,1
M561,Margaret,Byrd,1985-03-24,Adult,Comfort,2
M562,Caitlin,Davis,1953-07-03,Senior,Budget,1
M563,Jennifer,Nelson,1949-04-08,Senior,Deluxe,1
M564,Christine,Hopkins,1954-07-12,Senior,Budget,1
M565,Jamie,Daugherty,1986-10-14,Adult,Deluxe,2
M566,James,Romero,1978-09-15,Adult,Budget,1
M567,Anita,Steele,1951-08-06,Senior,Deluxe,1
M568,David,Barry,1999-10-24,Adult,Budget,2
M569,Guy,Kelley,1999-02-26,Adult,Budget,1
M570,Robert,Bennett,1952-10-03,Senior,Deluxe,1
M571,William,Wilkins,2012-02-10,Teen,Deluxe,1
M572,Shawn,Bell,1967-01-02,Adult,Comfort,1
M573,Andrew,Cummings,1991-01-21,Adult,Budget,1
M574,Andrea,Benjamin,1936-01-13,Senior,Deluxe,2
M575,Jeffrey,Allen,1995-12-05,Adult,Budget,1
M576,Thomas,Perez,2000-03-02,Adult,Budget,2
M577,Michael,Tucker,1973-10-20,Adult,Budget,1
M578,Tanya,Boyd,1955-06-21,Senior,Comfort,1
M579,Jacob,Cantu,1947-02-18,Senior,Comfort,2
M580,Emily,Shah,2021-01-30,Kid,Budget,1
M581,Matthew,Cook,1956-04-29,Senior,Comfort,1
M582,Linda,Cannon,2019-11-04,Kid,Comfort,1
M583,Peter,Lopez,1998-12-29,Adult,Deluxe,1
M584,James,Myers,2002-09-26,Adolescent,Deluxe,1
M585,Pam,Fleming,1981-05-07,Adult,Deluxe,2
M586,Jacob,Murphy,2006-02-10,Adolescent,Deluxe,1
M587,Sandra,Marquez,2005-11-18,Adolescent,Comfort,1
M588,Brandi,Hernandez,2016-02-16,Kid,Deluxe,2
M589,Trevor,Alvarado,2019-04-13,Kid,Deluxe,1
M590,Carly,Johnson,1964-04-04,Adult,Comfort,1
M591,Rebecca,Bridges,2001-08-07,Adolescent,Deluxe,1
M592,Jessica,Smith,2010-11-11,Teen,Deluxe,1
M593,Dennis,Ramos,1943-09-10,Senior,Deluxe,1
M594,Jeffrey,Cohen,2018-03-26,Kid,Comfort,2
M595,Ronald,Brewer,2005-05-28,Adolescent,Budget,1
M596,Nicole,Morgan,1974-03-12,Adult,Comfort,1
M597,Frank,Grant,1961-05-14,Adult,Budget,1
M598,Jennifer,Myers,1983-09-28,Adult,Budget,1
M599,Meghan,Mcdonald,1978-06-07,Adult,Comfort,1
M600,Jeffrey,Wilson,1955-03-02,Senior,Deluxe,2
M601,Stephanie,Long,1956-06-01,Senior,Budget,1
M602,Jasmine,Clark,1998-05-08,Adult,Deluxe,1
M603,Janet,Smith,1985-04-14,Adult,Comfort,1
M604,Christopher,Gutierrez,1963-06-08,Adult,Comfort,1
M605,Morgan,Jenkins,2012-09-27,Teen,Comfort,1
M606,Cynthia,Yu,1963-11-11,Adult,Comfort,1
M607,Alyssa,Knox,1953-10-11,Senior,Comfort,1
M608,Omar,Medina,1977-03-22,Adult,Budget,1
M609,Cassidy,Cross,1945-11-14,Senior,Budget,1
M610,James,Jensen,1937-04-19,Senior,Deluxe,1
M611,Larry,Mcgee,1984-03-19,Adult,Deluxe,1
M612,Christina,Glenn,1967-10-05,Adult,Deluxe,1
M613,Michelle,Hunt,2015-03-25,Kid,Deluxe,1
M614,Steven,Rodriguez,1956-02-03,Senior,Budget,1
M615,Joshua,Roberson,1996-01-28,Adult,Comfort,1
M616,Patrick,Reese,1965-02-03,Adult,Budget,1
M617,Jeremy,Lawrence,1981-06-17,Adult,Budget,1
M618,Bradley,Stewart,1947-04-30,Senior,Budget,1
M619,Anna,Brown,2014-09-21,Kid,Deluxe,2
M620,Timothy,Flores,2006-12-25,Adolescent,Budget,1
M621,Darryl,Lawson,1938-07-10,Senior,Deluxe,1
M622,Kathleen,Mcclure,1953-05-25,Senior,Deluxe,1
M623,Janice,Wright,1951-05-26,Senior,Deluxe,1
M624,Joseph,Cruz,2020-11-12,Kid,Comfort,1
M625,Kelly,Jensen,1982-01-04,Adult,Budget,2
M626,Julie,Weaver,1961-01-05,Adult,Comfort,2
M627,Matthew,Tran,1943-05-01,Senior,Budget,1
M628,Rebecca,Weiss,1957-03-09,Senior,Budget,1
M629,Martin,Cooper,1970-04-24,Adult,Deluxe,2
M630,Christina,Butler,1948-09-25,Senior,Comfort,1
M631,John,Garcia,1944-06-04,Senior,Deluxe,1
M632,Michelle,Willis,1945-06-08,Senior,Budget,1
M633,Austin,Pittman,2001-04-06,Adolescent,Comfort,1
M634,Michael,Grant,1965-08-14,Adult,Comfort,2
M635,Wendy,Steele,1964-09-29,Adult,Budget,1
M636,Raymond,Lynch,1966-07-17,Adult,Budget,1
M637,Michael,Adams,1994-12-18,Adult,Budget,1
M638,Terri,Kelley,1982-08-26,Adult,Budget,1
M639,Jason,Clayton,1962-07-18,Adult,Budget,1
M640,Joshua,Beck,1952-09-12,Senior,Budget,1
M641,Christopher,Weiss,1935-04-12,Senior,Budget,1
M642,Monica,Casey,1977-03-08,Adult,Comfort,1
M643,Austin,Carr,1979-03-19,Adult,Deluxe,1
M644,Linda,Jackson,1975-01-05,Adult,Budget,1
M645,Tiffany,Hunt,1972-09-07,Adult,Comfort,1
M646,Michelle,Davis,1982-05-09,Adult,Deluxe,2
M647,Amanda,Ortiz,2003-08-21,Adolescent,Budget,1
M648,Brittney,Ford,1946-02-26,Senior,Deluxe,1
M649,Grant,Allen,1979-05-01,Adult,Budget,1
M650,Emily,Mitchell,1994-09-08,Adult,Comfort,1
M651,Mary,Little,1938-05-02,Senior,Deluxe,1
M652,Charles,Daugherty,1971-11-13,Adult,Deluxe,1
M653,Logan,Kelley,1977-10-30,Adult,Deluxe,1
M654,Brandon,Erickson,1974-05-03,Adult,Comfort,1
M655,Donald,Harper,2005-07-11,Adolescent,Budget,1
M656,Robert,Aguilar,1988-02-09,Adult,Deluxe,1
M657,Stephanie,Lozano,1969-09-17,Adult,Deluxe,1
M658,Tracy,Cole,2007-09-24,Adolescent,Budget,1
M659,Rodney,Jackson,1951-12-10,Senior,Comfort,1
M660,Jerry,Morton,1942-03-13,Senior,Budget,1
M661,Anthony,Miller,1987-06-09,Adult,Comfort,2
M662,Madison,Strong,1948-08-11,Senior,Comfort,1
M663,Alexis,Molina,1994-10-13,Adult,Comfort,1
M664,Robert,Rose,2006-09-25,Adolescent,Deluxe,1
M665,Juan,Powell,2003-03-30,Adolescent,Deluxe,2
M666,Heidi,Mcintosh,1999-04-13,Adult,Comfort,1
M667,Jenna,Dickerson,1957-07-27,Senior,Deluxe,1
M668,James,Hernandez,1983-11-05,Adult,Deluxe,1
M669,Kristina,Lopez,1976-02-28,Adult,Comfort,1
M670,Amy,White,1969-04-18,Adult,Budget,1
M671,Sara,Thornton,1992-01-08,Adult,Deluxe,1
M672,John,Castro,1956-07-24,Senior,Budget,1
M673,Erin,Mcgee,2014-05-07,Kid,Comfort,1
M674,Vanessa,Evans,2006-07-14,Adolescent,Comfort,1
M675,Jennifer,Tyler,1938-01-29,Senior,Comfort,2
M676,Bryan,Jackson,1962-05-29,Adult,Comfort,1
M677,Paul,Cruz,2004-01-07,Adolescent,Deluxe,1
M678,Trevor,Martinez,2006-10-28,Adolescent,Comfort,1
M679,Amanda,Nolan,1946-12-01,Senior,Deluxe,1
M680,Alex,Burgess,1946-05-05,Senior,Budget,1
M681,Julie,Cole,1968-04-17,Adult,Budget,2
M682,Traci,Dudley,1972-10-01,Adult,Deluxe,1
M683,Jonathan,Jones,1989-02-24,Adult,Deluxe,1
M684,Brenda,Yang,1956-09-06,Senior,Budget,1
M685,Kathleen,Brown,1941-05-22,Senior,Comfort,1
M686,Heather,Wright,1944-05-04,Senior,Comfort,1
M687,Carol,Beard,1953-07-09,Senior,Comfort,1
M688,Alexander,Hernandez,1974-07-27,Adult,Deluxe,1
M689,Michael,Stuart,1983-12-09,Adult,Budget,1
M690,Darlene,King,2003-07-04,Adolescent,Budget,1
M691,Timothy,Gross,1938-04-12,Senior,Deluxe,1
M692,Charlotte,Morgan,1962-05-20,Adult,Budget,2
M693,Scott,Alvarez,1976-03-28,Adult,Deluxe,1
M694,Sharon,Haynes,1975-06-28,Adult,Deluxe,2
M695,Michael,Little,1980-05-20,Adult,Deluxe,1
M696,Randy,Morales,1987-01-11,Adult,Deluxe,2
M697,Kenneth,Briggs,2003-06-22,Adolescent,Deluxe,1
M698,Megan,Lopez,2012-01-27,Teen,Comfort,2
M699,Joseph,Jackson,1964-08-31,Adult,Budget,2
M700,Lindsey,Holmes,1954-04-22,Senior,Deluxe,1
M701,Kimberly,Hunter,2007-08-02,Adolescent,Deluxe,2
M702,Sally,Green,1999-12-24,Adult,Budget,1
M703,Stephen,Santos,1976-04-09,Adult,Budget,2
M704,Kristine,Lee,1942-04-25,Senior,Comfort,1
M705,Stephen,Jones,1970-03-12,Adult,Deluxe,1
M706,Carla,Foley,1962-08-10,Adult,Deluxe,1
M707,Margaret,Robinson,1935-05-12,Senior,Budget,1
M708,Christine,Solomon,1960-05-24,Adult,Comfort,1
M709,Chelsea,Adams,1984-04-06,Adult,Comfort,2
M710,Andrew,Hendricks,1937-06-17,Senior,Comfort,1
M711,Marie,Collins,1958-01-04,Senior,Deluxe,1
M712,Phillip,Porter,1967-05-10,Adult,Deluxe,1
M713,Michele,Miller,1984-08-28,Adult,Budget,1
M714,Kimberly,Lyons,1994-01-01,Adult,Budget,2
M715,Alexis,Schmidt,1958-08-26,Senior,Budget,1
M716,Joanna,Harrell,1983-03-26,Adult,Deluxe,1
M717,James,Lopez,1987-06-22,Adult,Comfort,2
M718,Tyler,Hernandez,1959-07-21,Adult,Budget,2
M719,William,Willis,2015-09-16,Kid,Budget,1
M720,Rebecca,Brown,1966-01-25,Adult,Budget,1
M721,Anthony,Holland,2017-06-26,Kid,Budget,1
M722,Wayne,Barnes,1953-08-31,Senior,Budget,1
M723,Cynthia,Sims,1980-05-14,Adult,Comfort,2
M724,Jaime,Brown,2019-06-24,Kid,Comfort,1
M725,Leslie,Whitney,1954-01-08,Senior,Deluxe,1
M726,Todd,Olson,1972-07-23,Adult,Comfort,1
M727,Joseph,Brewer,1980-03-17,Adult,Deluxe,2
M728,Linda,Moore,1997-08-22,Adult,Deluxe,2
M729,William,Hansen,1949-11-14,Senior,Comfort,1
M730,Cathy,Fisher,1990-04-11,Adult,Deluxe,1
M731,Catherine,Barnes,1956-11-11,Senior,Comfort,2
M732,Gina,Hess,1952-06-02,Senior,Budget,1
M733,Brenda,Rodriguez,1950-07-08,Senior,Comfort,1
M734,Julie,Olson,1960-07-14,Adult,Budget,1
M735,Gabrielle,Simmons,1948-10-29,Senior,Budget,1
M736,Kristen,Reid,1972-10-18,Adult,Comfort,1
M737,Mandy,Pham,2004-07-02,Adolescent,Comfort,2
M738,Blake,Smith,1936-04-25,Senior,Budget,2
M739,Pamela,Russell,1954-01-24,Senior,Budget,2
M740,Norma,Edwards,2000-09-22,Adult,Budget,1
M741,Christopher,Myers,1954-05-01,Senior,Deluxe,1
M742,Kara,Perez,2014-01-17,Teen,Budget,1
M743,Robert,Gillespie,1963-09-11,Adult,Comfort,2
M744,Brandon,Casey,1938-12-22,Senior,Deluxe,2
M745,Ann,Warner,1953-03-31,Senior,Comfort,2
M746,Richard,Levine,1990-07-26,Adult,Deluxe,1
M747,Brian,Copeland,2009-07-28,Teen,Deluxe,1
M748,Dustin,Pugh,2009-01-13,Teen,Deluxe,2
M749,Dawn,Chapman,1952-07-07,Senior,Budget,1
M750,Mariah,Ray,1958-02-16,Senior,Deluxe,1
M751,Joseph,Lewis,1974-05-22,Adult,Budget,1
M752,Michelle,Atkins,1936-06-10,Senior,Budget,2
M753,Kim,Jones,2006-06-17,Adolescent,Deluxe,1
M754,Danielle,Moore,1936-08-11,Senior,Deluxe,1
M755,Marissa,Romero,1954-05-21,Senior,Deluxe,2
M756,Stephanie,Smith,1950-10-20,Senior,Budget,1
M757,Mary,Rivera,1979-03-22,Adult,Comfort,1
M758,Christopher,Clark,1943-09-25,Senior,Deluxe,1
M759,Martin,Washington,1996-08-09,Adult,Budget,1
M760,Alisha,Miller,2008-02-15,Adolescent,Deluxe,2
M761,Patrick,Powell,1994-12-06,Adult,Budget,2
M762,Andrea,Stone,2000-07-19,Adult,Budget,2
M763,Douglas,Ross,1965-01-24,Adult,Budget,2
M764,Lawrence,Suarez,2004-10-27,Adolescent,Comfort,1
M765,Eric,Cruz,1954-09-14,Senior,Deluxe,1
M766,Darrell,Jones,2012-02-21,Teen,Deluxe,1
M767,Annette,Bell,1971-08-22,Adult,Deluxe,1
M768,Richard,Briggs,2000-02-17,Adult,Comfort,2
M769,Steven,Reed,2019-12-01,Kid,Deluxe,1
M770,Benjamin,Reyes,2003-07-25,Adolescent,Deluxe,2
M771,Matthew,Hunt,1985-01-10,Adult,Deluxe,1
M772,Autumn,Alvarez,1969-03-18,Adult,Comfort,1
M773,Ryan,Montgomery,1985-04-19,Adult,Budget,1
M774,Andrew,Romero,2009-06-29,Teen,Comfort,1
M775,Ashley,Williams,1940-09-11,Senior,Budget,1
M776,Hector,Adams,1984-12-29,Adult,Comfort,2
M777,Katelyn,Khan,2000-12-21,Adult,Deluxe,1
M778,Aaron,Wong,1992-04-03,Adult,Deluxe,1
M779,Destiny,Woods,1967-05-11,Adult,Budget,1
M780,Frances,Boone,1982-01-26,Adult,Comfort,1
M781,Sandra,Juarez,1957-02-02,Senior,Comfort,1
M782,Alicia,Cuevas,2000-07-29,Adult,Budget,1
M783,Marissa,Dominguez,1957-08-28,Senior,Budget,2
M784,Timothy,Mcintyre,2014-03-11,Teen,Budget,1
M785,Yolanda,Greene,1997-01-14,Adult,Deluxe,1
M786,Cheryl,Stewart,1958-10-26,Senior,Budget,1
M787,Tiffany,Bradley,1979-10-29,Adult,Deluxe,2
M788,Douglas,Jordan,2020-10-03,Kid,Deluxe,1
M789,Miguel,Phillips,1967-07-03,Adult,Comfort,1
M790,Jonathan,Allen,1963-12-26,Adult,Budget,1
M791,Michelle,Dyer,2015-02-16,Kid,Budget,1
M792,John,Morgan,1997-03-19,Adult,Deluxe,1
M793,Marc,Thomas,1955-02-24,Senior,Deluxe,1
M794,Andrea,Herrera,1970-02-25,Adult,Comfort,1
M795,Danny,Weeks,2016-05-23,Kid,Deluxe,1
M796,Jamie,White,2000-07-09,Adult,Deluxe,1
M797,Catherine,Mckinney,1983-12-07,Adult,Budget,2
M798,Amber,Conway,1947-04-21,Senior,Comfort,1
M799,Peter,Hunt,1975-03-13,Adult,Budget,1
M800,Megan,Stewart,1983-05-22,Adult,Comfort,1
M801,Bradley,Frye,1938-01-14,Senior,Budget,1
M802,Marie,Bradford,2017-05-29,Kid,Deluxe,1
M803,Christopher,Mason,1997-08-05,Adult,Comfort,1
M804,Robert,Edwards,2001-06-03,Adolescent,Budget,1
M805,Brian,Melendez,1987-08-31,Adult,Comfort,1
M806,Matthew,Moore,1943-03-18,Senior,Comfort,1
M807,Christina,Hansen,1971-06-09,Adult,Deluxe,1
M808,Amy,Perry,1977-04-03,Adult,Deluxe,1
M809,Nicholas,Shah,2000-10-11,Adult,Comfort,1
M810,Jessica,Cowan,1947-06-03,Senior,Budget,1
M811,Christopher,Fritz,2020-09-15,Kid,Comfort,1
M812,William,Sosa,2014-07-01,Kid,Budget,2
M813,Virginia,Santana,2016-06-01,Kid,Deluxe,2
M814,Andrew,Kramer,1967-03-11,Adult,Budget,2
M815,Christopher,Chapman,1977-09-10,Adult,Deluxe,1
M816,Jennifer,Barton,1988-06-26,Adult,Deluxe,1
M817,Sheri,Nielsen,2013-07-30,Teen,Deluxe,1
M818,Susan,Ibarra,2007-07-07,Adolescent,Deluxe,1
M819,Kenneth,Kerr,1973-01-05,Adult,Comfort,1
M820,Stephanie,Taylor,2015-07-26,Kid,Deluxe,1
M821,Jonathan,Kramer,1966-04-16,Adult,Deluxe,1
M822,Jessica,Nelson,1954-12-27,Senior,Deluxe,1
M823,Derek,Bridges,1945-11-22,Senior,Budget,2
M824,Terri,White,1990-08-08,Adult,Deluxe,1
M825,Andre,Medina,2015-05-08,Kid,Comfort,1
M826,Erika,Campos,2000-07-05,Adult,Budget,1
M827,Christopher,Cortez,1972-01-30,Adult,Deluxe,1
M828,Melissa,Delacruz,2019-04-27,Kid,Deluxe,2
M829,Jill,Smith,2016-10-03,Kid,Deluxe,1
M830,Madison,Yang,1954-09-26,Senior,Comfort,2
M831,Robert,Thomas,1935-09-04,Senior,Deluxe,1
M832,Blake,Flores,2008-07-06,Teen,Comfort,1
M833,Elizabeth,Bryant,1965-02-26,Adult,Deluxe,2
M834,Jesse,Banks,1995-06-15,Adult,Budget,1
M835,Emma,Lopez,1972-09-09,Adult,Budget,1
M836,Tracy,Gomez,1982-10-28,Adult,Budget,1
M837,Tanya,Robinson,2015-05-01,Kid,Comfort,2
M838,Philip,Thompson,2010-05-24,Teen,Deluxe,2
M839,Stephanie,Kerr,1950-09-14,Senior,Comfort,2
M840,Zachary,Taylor,1948-03-04,Senior,Budget,1
M841,Douglas,Green,1997-12-07,Adult,Deluxe,1
M842,James,Moody,2008-03-09,Adolescent,Comfort,2
M843,Joseph,Mccann,1944-07-12,Senior,Budget,2
M844,William,Cooper,1986-05-31,Adult,Deluxe,1
M845,Jill,Cruz,1988-04-18,Adult,Deluxe,1
M846,Kelsey,Marquez,1952-05-06,Senior,Comfort,1
M847,Edwin,Johnson,2012-09-08,Teen,Comfort,1
M848,Scott,Juarez,2019-02-24,Kid,Deluxe,2
M849,Jason,Harris,1991-10-25,Adult,Budget,1
M850,Connor,Morales,1947-02-26,Senior,Budget,1
M851,Emily,Curry,2004-03-07,Adolescent,Deluxe,1
M852,Antonio,Hall,1958-01-26,Senior,Budget,2
M853,Carmen,Russell,1948-03-01,Senior,Comfort,1
M854,Jason,Gonzalez,2009-10-17,Teen,Deluxe,1
M855,Christopher,Middleton,2002-02-23,Adolescent,Deluxe,1
M856,William,Munoz,1948-10-11,Senior,Comfort,2
M857,Barbara,Fowler,2010-02-07,Teen,Deluxe,1
M858,Caroline,Hancock,1993-12-17,Adult,Comfort,1
M859,Emily,Ruiz,1970-11-20,Adult,Comfort,1
M860,Carrie,Johnson,2020-12-31,Kid,Budget,1
M861,Tina,Kramer,1982-03-22,Adult,Comfort,1
M862,Theresa,Alexander,1939-12-08,Senior,Comfort,1
M863,Evelyn,Petersen,2005-09-16,Adolescent,Comfort,2
M864,Joel,Ruiz,1954-09-22,Senior,Deluxe,1
M865,Joshua,Banks,2017-06-16,Kid,Comfort,1
M866,Mark,Le,1988-08-04,Adult,Deluxe,2
M867,Natalie,Davis,1975-09-13,Adult,Comfort,1
M868,Margaret,Wood,1952-02-28,Senior,Deluxe,2
M869,Destiny,Hall,2019-10-14,Kid,Deluxe,1
M870,Robert,Suarez,1953-09-27,Senior,Budget,1
M871,Todd,Thomas,1937-08-23,Senior,Budget,1
M872,Jocelyn,Thomas,1985-08-05,Adult,Comfort,1
M873,Marc,Vega,2004-05-03,Adolescent,Comfort,2
M874,Michael,Shepherd,1945-07-03,Senior,Budget,1
M875,James,Phillips,1961-04-18,Adult,Deluxe,1
M876,Debra,Rojas,1992-11-25,Adult,Deluxe,1
M877,Austin,Alexander,1988-12-10,Adult,Deluxe,1
M878,Crystal,Moore,1974-05-21,Adult,Deluxe,2
M879,Maria,Burns,1960-10-22,Adult,Deluxe,1
M880,Brenda,Walter,1956-05-11,Senior,Budget,2
M881,Joseph,Lewis,1993-08-28,Adult,Comfort,1
M882,Donald,Moon,1956-09-09,Senior,Deluxe,1
M883,Rodney,White,2008-03-13,Adolescent,Budget,1
M884,Kent,Harrison,1940-06-06,Senior,Deluxe,1
M885,Felicia,Holland,1946-10-28,Senior,Comfort,2
M886,Craig,Sanchez,1948-08-16,Senior,Comfort,1
M887,Anthony,Page,1941-01-11,Senior,Budget,1
M888,Christopher,Underwood,2015-06-05,Kid,Deluxe,1
M889,Jonathan,Hart,2014-12-13,Kid,Comfort,2
M890,Francisco,Garrett,1986-06-10,Adult,Comfort,1
M891,Stacy,Chan,2014-04-25,Kid,Deluxe,2
M892,Stephanie,Santos,1956-12-21,Senior,Budget,1
M893,John,Perez,2020-09-10,Kid,Budget,2
M894,Emily,Wiggins,2017-01-08,Kid,Comfort,1
M895,Melanie,Cochran,1956-03-22,Senior,Budget,1
M896,Christine,Jones,2015-10-17,Kid,Deluxe,1
M897,Cody,Dean,1973-03-31,Adult,Budget,1
M898,Kimberly,Lane,2013-10-09,Teen,Comfort,1
M899,Jeanette,Thomas,1940-11-12,Senior,Budget,1
M900,Brian,Cook,1996-08-31,Adult,Comfort,2
M901,Peter,Johnson,1990-09-19,Adult,Budget,2
M902,Denise,Lewis,1975-07-27,Adult,Budget,1
M903,Brittany,Thomas,1947-05-08,Senior,Comfort,2
M904,Jason,Flores,2006-05-19,Adolescent,Deluxe,1
M905,Kathy,Fisher,1936-09-01,Senior,Comfort,2
M906,Amy,Anderson,2005-11-21,Adolescent,Deluxe,1
M907,Jennifer,Rios,1980-05-21,Adult,Comfort,1
M908,Sandra,Evans,1988-01-21,Adult,Budget,2
M909,Deborah,Nelson,1995-10-20,Adult,Budget,1
M910,Rebecca,Torres,1970-11-07,Adult,Deluxe,1
M911,Dustin,Johnson,1985-04-16,Adult,Deluxe,1
M912,Brett,Frank,1996-02-04,Adult,Budget,1
M913,William,Ingram,1974-01-19,Adult,Deluxe,1
M914,Cheryl,Carroll,1998-12-09,Adult,Deluxe,1
M915,James,Monroe,2005-08-27,Adolescent,Deluxe,1
M916,Daniel,Cruz,1971-07-12,Adult,Budget,2
M917,James,Beard,1970-03-17,Adult,Comfort,2
M918,Zachary,Anderson,1971-04-01,Adult,Comfort,2
M919,Joseph,Russo,2002-11-30,Adolescent,Deluxe,1
M920,Jared,Green,1937-05-01,Senior,Budget,2
M921,Diane,Graham,1950-02-01,Senior,Deluxe,1
M922,Christy,Knapp,1979-02-14,Adult,Comfort,1
M923,Robert,Velazquez,1980-03-09,Adult,Comfort,2
M924,John,Juarez,1952-01-31,Senior,Budget,1
M925,Scott,Mcdaniel,1999-07-05,Adult,Budget,1
M926,Ronald,Graham,1983-05-27,Adult,Budget,1
M927,Brandy,Downs,1984-11-03,Adult,Deluxe,1
M928,Lauren,Anderson,2011-02-10,Teen,Comfort,1
M929,Stefanie,Warren,1937-05-02,Senior,Comfort,1
M930,Diamond,Young,1987-10-14,Adult,Comfort,1
M931,Robert,Leonard,1948-05-14,Senior,Deluxe,1
M932,Carolyn,Turner,1975-07-19,Adult,Deluxe,1
M933,David,Barnett,2006-12-02,Adolescent,Deluxe,1
M934,Aaron,Thomas,1981-02-18,Adult,Deluxe,1
M935,Matthew,Morgan,1947-11-24,Senior,Comfort,1
M936,John,Keith,1962-03-21,Adult,Comfort,1
M937,Steven,Gardner,2012-12-30,Teen,Budget,1
M938,Richard,Garcia,1996-06-03,Adult,Deluxe,1
M939,Mark,Clark,1949-10-18,Senior,Comfort,2
M940,Darin,Osborne,2009-05-11,Teen,Deluxe,1
M941,Curtis,Jensen,1947-10-23,Senior,Budget,1
M942,John,Copeland,1943-07-05,Senior,Budget,1
M943,Sean,Martin,1957-08-11,Senior,Comfort,2
M944,Rebecca,Benson,1970-04-22,Adult,Deluxe,1
M945,Janet,Duncan,1995-01-30,Adult,Deluxe,2
M946,Nicholas,Yu,2011-07-13,Teen,Comfort,1
M947,Kyle,Mccoy,1948-11-20,Senior,Deluxe,1
M948,Jason,Cummings,1987-02-17,Adult,Comfort,1
M949,Steven,Wheeler,1966-06-15,Adult,Budget,2
M950,Mary,Lopez,2011-05-26,Teen,Deluxe,2
M951,Brianna,Waller,1936-05-09,Senior,Comfort,1
M952,Jesus,Reed,2017-03-19,Kid,Comfort,1
M953,Thomas,Farrell,1977-12-06,Adult,Comfort,1
M954,Nicole,Robbins,1998-11-07,Adult,Budget,1
M955,Melvin,Rowe,1969-09-08,Adult,Budget,2
M956,Natasha,Mccullough,1960-08-07,Adult,Comfort,2
M957,Dawn,Watson,1979-04-03,Adult,Budget,1
M958,Kristina,Warner,2019-11-09,Kid,Budget,1
M959,Andrew,Garcia,1968-11-10,Adult,Comfort,1
M960,Lori,White,2005-08-28,Adolescent,Deluxe,1
M961,Stephanie,Guzman,1988-02-12,Adult,Comfort,1
M962,Dean,Vasquez,2010-04-22,Teen,Budget,1
M963,Laura,Wiley,1998-10-10,Adult,Budget,1
M964,Alexander,Bradley,1985-04-07,Adult,Deluxe,1
M965,Tracy,Anderson,1944-06-27,Senior,Comfort,1
M966,Jennifer,Steele,1947-02-28,Senior,Comfort,1
M967,Richard,Ramirez,2010-08-11,Teen,Deluxe,2
M968,Ronnie,Stephens,1945-12-05,Senior,Budget,1
M969,Jocelyn,Smith,1981-11-11,Adult,Budget,1
M970,Kenneth,Duran,2019-02-22,Kid,Deluxe,2
M971,Shane,Palmer,1992-03-23,Adult,Deluxe,1
M972,Caleb,Williams,1973-10-22,Adult,Deluxe,1
M973,Nicholas,Gutierrez,1982-04-29,Adult,Comfort,1
M974,Justin,Bonilla,1966-10-27,Adult,Budget,1
M975,Aaron,Graham,2010-08-03,Teen,Deluxe,1
M976,Emily,Moore,1974-06-27,Adult,Budget,2
M977,Samantha,Foster,1993-12-12,Adult,Deluxe,1
M978,Jennifer,Turner,2014-12-30,Kid,Deluxe,1
M979,Mike,Barnes,2009-10-02,Teen,Comfort,1
M980,Debbie,Jackson,2014-12-11,Kid,Deluxe,2
M981,Roger,Benjamin,1940-04-15,Senior,Budget,2
M982,Cameron,Perez,1977-06-16,Adult,Comfort,2
M983,Jerry,Johnson,1980-04-27,Adult,Deluxe,1
M984,Eric,Underwood,1981-05-02,Adult,Budget,1
M985,Natalie,Parsons,2002-11-15,Adolescent,Budget,1
M986,Sherry,Johnson,1959-05-01,Adult,Comfort,1
M987,Alejandro,Meyer,1959-07-30,Adult,Budget,1
M988,Emily,White,1994-09-23,Adult,Comfort,1
M989,Scott,Rubio,1989-03-24,Adult,Comfort,1
M990,Erik,Moore,1940-05-15,Senior,Deluxe,1
M991,Donna,Wells,1949-09-22,Senior,Comfort,1
M992,Jessica,Torres,1973-09-16,Adult,Deluxe,1
M993,Antonio,Wilkins,1988-06-16,Adult,Comfort,1
M994,Kathleen,Jones,1980-05-17,Adult,Comfort,2
M995,Jeffrey,Fitzpatrick,1975-03-11,Adult,Deluxe,1
M996,Amy,Harris,1977-04-27,Adult,Deluxe,1
M997,Rodney,Williams,1944-06-23,Senior,Deluxe,1
M998,Miguel,Phillips,1947-08-30,Senior,Deluxe,1
M999,Aaron,Weber,1943-02-10,Senior,Comfort,1
M1000,Nancy,Parrish,1956-06-04,Senior,Comfort,2
M1001,Debra,Richards,1999-02-23,Adult,Deluxe,1
M1002,Stacey,Castro,1937-12-20,Senior,Deluxe,1
M1003,Chase,Jones,1949-01-17,Senior,Deluxe,1
M1004,James,Garcia,1950-12-23,Senior,Deluxe,2
M1005,Ryan,Wilson,2001-07-12,Adolescent,Comfort,1
M1006,Vanessa,Acosta,1995-11-16,Adult,Budget,1
M1007,Amber,Taylor,1958-02-01,Senior,Deluxe,1
M1008,Jessica,Henderson,1985-11-30,Adult,Deluxe,1
M1009,Christopher,Hunter,1952-11-28,Senior,Comfort,2
M1010,Jessica,Tran,1939-12-29,Senior,Budget,1
M1011,Jessica,Vang,1948-01-17,Senior,Deluxe,1
M1012,Allison,Nguyen,1985-10-24,Adult,Deluxe,1
M1013,Amy,Stout,2013-01-17,Teen,Budget,1
M1014,Ashlee,Davis,1968-03-05,Adult,Budget,1
M1015,Richard,Waters,2017-07-20,Kid,Comfort,1
M1016,Jill,Dunlap,1984-10-20,Adult,Budget,1
M1017,Nathaniel,Smith,2004-01-01,Adolescent,Deluxe,1
M1018,Jonathan,Maldonado,1954-09-11,Senior,Budget,1
M1019,Denise,Taylor,1963-09-23,Adult,Deluxe,1
M1020,Maria,Navarro,1950-12-25,Senior,Comfort,2
M1021,Joshua,Green,1952-05-03,Senior,Budget,1
M1022,Monica,Jackson,1954-02-11,Senior,Budget,1
M1023,Lisa,Morris,1983-01-11,Adult,Deluxe,1
M1024,Walter,Simpson,1948-02-27,Senior,Budget,1
M1025,Manuel,Walters,1969-06-02,Adult,Comfort,1
M1026,Emily,Sanchez,2019-04-09,Kid,Deluxe,1
M1027,Kayla,Bernard,1989-07-28,Adult,Deluxe,1
M1028,Angela,Johnson,1988-01-02,Adult,Budget,1
M1029,Jesse,Johnson,1980-05-27,Adult,Budget,1
M1030,Amanda,Osborne,1992-07-13,Adult,Budget,1
M1031,Samantha,Williams,1956-11-21,Senior,Comfort,2
M1032,Jennifer,Forbes,1971-08-26,Adult,Budget,1
M1033,Alan,Gregory,1991-11-26,Adult,Comfort,1
M1034,Diana,Daugherty,1966-01-27,Adult,Budget,1
M1035,Jon,House,1959-08-11,Adult,Comfort,1
M1036,Cynthia,Jackson,2006-07-03,Adolescent,Budget,1
M1037,Monica,Bishop,1962-05-02,Adult,Budget,1
M1038,Ricky,Li,1945-04-13,Senior,Budget,1
M1039,Jonathan,Johnson,1941-01-07,Senior,Budget,1
M1040,Eric,Jackson,2017-10-19,Kid,Budget,1
M1041,Jim,Dunn,1990-04-10,Adult,Deluxe,1
M1042,Robin,Johnson,1962-02-26,Adult,Comfort,1
M1043,Karen,Macdonald,2009-02-17,Teen,Deluxe,1
M1044,Nancy,Barrett,1996-12-27,Adult,Budget,1
M1045,Christine,Cook,2015-12-11,Kid,Deluxe,1
M1046,Michael,Wise,1982-05-24,Adult,Budget,1
M1047,Robert,Lopez,1937-06-28,Senior,Comfort,1
M1048,Jennifer,Gross,1966-04-03,Adult,Deluxe,2
M1049,Rachel,Cruz,2021-02-27,Kid,Comfort,2
M1050,Alexis,Melton,2016-11-10,Kid,Comfort,1
M1051,Christina,Snyder,1960-10-30,Adult,Budget,2
M1052,Evan,Shelton,1988-08-10,Adult,Comfort,2
M1053,Yvonne,Wilcox,1987-02-09,Adult,Budget,1
M1054,Johnny,Haynes,1964-06-07,Adult,Budget,1
M1055,Rebekah,Smith,1956-10-04,Senior,Comfort,2
M1056,Corey,Moore,1960-05-03,Adult,Deluxe,1
M1057,Raymond,Boyd,1959-03-22,Adult,Comfort,2
M1058,Luke,Chandler,1992-07-15,Adult,Comfort,1
M1059,Steven,King,2001-12-21,Adolescent,Comfort,1
M1060,Jonathan,Griffith,1978-02-07,Adult,Comfort,2
M1061,Cathy,Johnson,1986-04-24,Adult,Deluxe,1
M1062,Stacey,Harris,2005-02-19,Adolescent,Budget,1
M1063,Jessica,Juarez,1972-04-08,Adult,Comfort,1
M1064,Tammy,Perry,1940-02-25,Senior,Deluxe,1
M1065,Stephanie,Ramirez,1946-11-15,Senior,Budget,1
M1066,Anthony,Shelton,1938-09-06,Senior,Deluxe,1
M1067,Stacy,Bailey,1988-04-18,Adult,Budget,1
M1068,Alexandria,Peters,1999-06-03,Adult,Deluxe,1
M1069,Belinda,Drake,1999-11-07,Adult,Comfort,1
M1070,Catherine,Clark,1938-08-14,Senior,Budget,1
M1071,Carl,Davis,1993-10-18,Adult,Comfort,1
M1072,Shawn,Anderson,2017-09-27,Kid,Comfort,1
M1073,Leslie,Alexander,2002-11-15,Adolescent,Comfort,2
M1074,Tracy,Sosa,1956-03-31,Senior,Budget,2
M1075,Travis,Fletcher,1969-07-25,Adult,Deluxe,1
M1076,Kimberly,Ward,1965-09-17,Adult,Deluxe,1
M1077,Joseph,Li,2004-09-20,Adolescent,Deluxe,1
M1078,Cole,Shannon,2016-03-20,Kid,Budget,1
M1079,Donald,Brown,2003-10-19,Adolescent,Budget,1
M1080,James,Johnson,1981-06-26,Adult,Deluxe,2
M1081,Christian,Mills,1999-04-21,Adult,Deluxe,2
M1082,Courtney,Hart,1954-03-04,Senior,Comfort,2
M1083,Jonathan,Turner,2011-11-11,Teen,Deluxe,1
M1084,Nicole,Durham,1952-12-27,Senior,Deluxe,1
M1085,Mark,Macias,1941-01-13,Senior,Deluxe,1
M1086,Erica,Torres,2020-03-05,Kid,Comfort,1
M1087,Wendy,Diaz,1977-03-08,Adult,Comfort,2
M1088,Diane,Alvarez,1936-03-08,Senior,Deluxe,2
M1089,Cynthia,Davis,1990-04-13,Adult,Budget,1
M1090,Sherry,Reynolds,1971-07-13,Adult,Comfort,1
M1091,Olivia,Thomas,2002-04-15,Adolescent,Comfort,1
M1092,Kathleen,Fuller,1963-03-18,Adult,Budget,1
M1093,Joseph,Pacheco,1961-05-11,Adult,Comfort,1
M1094,Marc,Carter,1998-07-02,Adult,Budget,1
M1095,Matthew,Martin,1996-06-11,Adult,Budget,1
M1096,Janet,Pratt,1952-07-29,Senior,Deluxe,2
M1097,Eric,Herrera,2002-11-20,Adolescent,Budget,1
M1098,Sean,Stewart,2017-06-29,Kid,Budget,1
M1099,Donna,Martin,1947-02-14,Senior,Deluxe,1
M1100,Elaine,Duarte,1983-09-14,Adult,Deluxe,1
M1101,Nicholas,Blake,1950-07-09,Senior,Deluxe,2
M1102,Mathew,Gill,1977-05-13,Adult,Comfort,1
M1103,Jaime,Banks,1935-06-03,Senior,Comfort,1
M1104,Geoffrey,Grant,1960-08-09,Adult,Comfort,1
M1105,Susan,Miller,1999-11-24,Adult,Budget,1
M1106,Paula,Mosley,2006-06-28,Adolescent,Budget,2
M1107,Brent,Garner,1949-08-11,Senior,Budget,2
M1108,Steven,Alvarado,1988-06-10,Adult,Budget,1
M1109,Brian,Rodriguez,1954-05-12,Senior,Comfort,1
M1110,Mary,Lawson,1951-07-07,Senior,Comfort,1
M1111,Juan,Ray,1947-12-31,Senior,Budget,1
M1112,Jay,Adkins,1948-10-12,Senior,Budget,1
M1113,Megan,Powell,1976-05-02,Adult,Deluxe,1
M1114,Amanda,Park,1958-08-22,Senior,Deluxe,1
M1115,Courtney,Lucas,1981-03-06,Adult,Deluxe,1
M1116,Jose,Woodard,1990-02-27,Adult,Deluxe,1
M1117,Mallory,Miller,1957-03-30,Senior,Budget,1
M1118,Lisa,Miranda,2006-01-02,Adolescent,Comfort,1
M1119,Misty,Hopkins,1997-04-04,Adult,Budget,2
M1120,Martin,Coleman,1947-07-29,Senior,Comfort,1
M1121,Stephen,Brown,1976-05-10,Adult,Budget,1
M1122,Gregory,Perez,1982-09-25,Adult,Deluxe,1
M1123,Cameron,Moon,1966-09-04,Adult,Deluxe,2
M1124,Ryan,Ward,1995-02-05,Adult,Deluxe,2
M1125,David,Anderson,1965-10-18,Adult,Deluxe,1
M1126,Christina,Edwards,1967-06-15,Adult,Deluxe,1
M1127,Michelle,Lawrence,2002-10-20,Adolescent,Comfort,1
M1128,Rachel,Odom,2000-09-15,Adult,Budget,1
M1129,Kim,Smith,1971-12-16,Adult,Deluxe,1
M1130,Sabrina,Nelson,2019-11-01,Kid,Comfort,1
M1131,Amy,Whitaker,2003-05-02,Adolescent,Budget,2
M1132,Scott,Rodriguez,1977-08-25,Adult,Budget,1
M1133,Alyssa,Rice,1997-03-09,Adult,Comfort,2
M1134,Anna,Mclaughlin,2018-08-07,Kid,Comfort,1
M1135,Molly,Stewart,1986-05-12,Adult,Budget,1
M1136,Jeremy,Rivera,1981-03-15,Adult,Deluxe,1
M1137,Duane,Bowen,2002-07-02,Adolescent,Budget,1
M1138,Theresa,Olson,1938-10-06,Senior,Deluxe,1
M1139,Aaron,Hoffman,1954-03-30,Senior,Comfort,2
M1140,Melissa,Hubbard,1937-10-06,Senior,Deluxe,1
M1141,Brian,Solomon,1950-02-07,Senior,Deluxe,1
M1142,Katie,Leonard,1961-08-04,Adult,Comfort,1
M1143,Jessica,Jacobson,1966-06-27,Adult,Comfort,1
M1144,Stephanie,Downs,1984-03-11,Adult,Budget,1
M1145,Christine,Rollins,2007-05-16,Adolescent,Deluxe,1
M1146,Jason,Cortez,1992-03-15,Adult,Deluxe,2
M1147,Jillian,Carroll,2016-05-18,Kid,Comfort,2
M1148,Joann,Perry,1995-11-27,Adult,Budget,2
M1149,Bryan,Fields,1962-08-06,Adult,Deluxe,1
M1150,Karen,Ware,1978-04-12,Adult,Deluxe,1
M1151,Matthew,Gutierrez,1996-10-15,Adult,Budget,1
M1152,Lisa,Black,1980-02-02,Adult,Budget,1
M1153,Scott,Ferguson,1976-08-21,Adult,Comfort,1
M1154,Emily,Spears,1989-11-02,Adult,Deluxe,1
M1155,Sarah,Smith,1973-05-14,Adult,Deluxe,2
M1156,Karen,Powell,1998-10-07,Adult,Deluxe,1
M1157,Samantha,White,1952-11-18,Senior,Comfort,1
M1158,Stephanie,Jackson,1961-02-14,Adult,Deluxe,1
M1159,Christian,Huynh,1961-06-24,Adult,Deluxe,1
M1160,Mary,Martin,2003-08-15,Adolescent,Deluxe,1
M1161,Doris,Martinez,1960-05-22,Adult,Budget,2
M1162,Ryan,White,1968-12-25,Adult,Comfort,2
M1163,Zachary,Warner,1942-08-15,Senior,Comfort,1
M1164,Kristine,Sharp,1947-06-13,Senior,Deluxe,1
M1165,Derrick,Hart,2015-09-09,Kid,Comfort,2
M1166,Michael,Davis,1984-02-03,Adult,Comfort,2
M1167,David,Berry,2001-09-03,Adolescent,Comfort,1
M1168,James,Walker,2006-04-19,Adolescent,Budget,1
M1169,Ashley,Morrison,2016-06-29,Kid,Budget,2
M1170,Donald,Larsen,1948-03-16,Senior,Deluxe,1
M1171,Kaitlyn,Lopez,1948-03-21,Senior,Budget,1
M1172,Gregory,Watts,1952-12-10,Senior,Comfort,1
M1173,Laura,Nguyen,1972-09-23,Adult,Budget,2
M1174,Valerie,Rogers,1995-11-11,Adult,Deluxe,1
M1175,Karen,Foster,1948-10-31,Senior,Deluxe,1
M1176,Jacob,Graham,1943-09-12,Senior,Budget,2
M1177,Leah,Howe,1968-12-31,Adult,Comfort,1
M1178,David,Jones,2015-05-28,Kid,Comfort,1
M1179,Trevor,Sanchez,2017-12-20,Kid,Budget,1
M1180,Michael,Jackson,1943-04-04,Senior,Budget,2
M1181,Ann,Acevedo,1947-06-09,Senior,Deluxe,1
M1182,Latoya,Oliver,1936-01-23,Senior,Comfort,1
M1183,Melissa,Navarro,1956-12-13,Senior,Deluxe,1
M1184,Matthew,Manning,2012-06-07,Teen,Comfort,1
M1185,Kylie,Fuentes,1944-06-01,Senior,Comfort,1
M1186,Taylor,Johnson,1972-03-16,Adult,Deluxe,1
M1187,Lisa,Bryant,1938-06-14,Senior,Comfort,1
M1188,David,Cardenas,1950-05-13,Senior,Budget,1
M1189,Kenneth,Moore,1980-01-26,Adult,Budget,1
M1190,Adam,Nguyen,1995-09-27,Adult,Comfort,1
M1191,Robert,Johnson,1956-05-05,Senior,Comfort,1
M1192,Stephanie,Aguirre,1959-07-01,Adult,Deluxe,1
M1193,Christian,Hancock,1956-07-16,Senior,Deluxe,2
M1194,Michelle,Kane,2004-11-20,Adolescent,Comfort,2
M1195,Darlene,Taylor,2007-12-03,Adolescent,Comfort,1
M1196,Lori,Morgan,1992-05-26,Adult,Budget,1
M1197,Michael,Garza,2011-08-26,Teen,Deluxe,1
M1198,Christopher,Rodriguez,1946-06-08,Senior,Deluxe,1
M1199,Veronica,Robbins,2000-04-27,Adult,Comfort,1
